word,imgability
ace,4.5
ache,3.8
act,3.5
ad,4.1
add,3.3
aft,1.6
age,3.4
aid,3.5
aide,2.5
ail,1.9
aim,3.9
air,4.0
aisle,5.3
ale,4.0
all,2.3
alms,2.3
alp,2.7
am,1.8
an,1.2
and,1.3
ant,6.7
ape,6.8
apse,1.3
apt,1.9
arc,5.0
arch,5.1
are,1.3
ark,5.7
arm,6.8
art,4.6
arts,4.0
as,1.4
ash,5.7
ask,2.7
ass,6.0
at,1.4
ate,3.9
aunt,6.2
awe,2.3
ax,6.2
axe,6.3
aye,1.7
babe,5.7
back,5.0
bad,2.4
badge,5.9
bag,6.4
bail,3.9
bait,5.6
bake,5.1
bald,6.2
bale,3.4
balk,1.8
ball,6.6
balm,4.3
ban,2.9
band,6.0
bane,2.1
bang,3.7
bank,6.1
bar,6.1
barb,4.3
bare,3.9
barge,5.7
bark,5.0
barn,6.9
base,4.4
bash,3.2
bask,2.6
bass,5.7
baste,3.5
bat,6.2
batch,3.8
bath,6.0
bathe,4.5
bawl,3.6
bay,5.2
be,1.3
beach,6.5
bead,6.0
beak,5.2
beam,4.6
bean,6.6
bear,6.7
beard,6.3
beast,5.6
beat,3.4
beau,3.1
beck,2.0
bed,6.6
bee,6.9
beech,3.4
beef,6.5
been,1.9
beer,6.1
beet,4.8
beg,3.7
beige,5.3
belch,4.6
bell,6.6
belle,3.9
belt,6.5
bench,6.5
bend,3.9
bent,4.7
berth,2.0
best,2.7
bet,3.1
bib,5.9
bid,3.4
bide,1.6
big,4.5
bike,6.8
bile,3.6
bilge,1.7
bill,5.4
bin,5.1
bind,3.1
binge,2.9
birch,4.1
bird,6.4
birth,5.1
bit,3.6
bitch,5.4
bite,5.2
blab,2.9
black,6.4
blade,5.8
blah,2.2
blame,2.7
blanch,2.9
bland,2.3
blank,3.7
blare,2.9
blast,4.8
blaze,4.9
bleach,5.7
bleak,2.8
bleat,2.1
bled,4.1
bleed,5.7
blend,4.2
bless,2.9
blew,3.9
blight,2.2
blimp,5.6
blind,4.4
blinds,5.7
blink,5.5
bliss,3.1
blithe,1.6
blitz,3.4
bloat,3.7
blob,4.4
block,5.7
bloke,2.4
blonde,6.3
blood,6.4
bloom,5.0
blot,4.0
blotch,4.2
blouse,6.4
blow,4.2
blown,3.4
blue,6.1
bluff,3.7
blunt,4.3
blur,4.1
blurt,2.7
blush,5.2
boar,4.6
board,5.8
boast,2.8
boat,6.7
bob,3.5
bode,2.0
bog,2.9
boil,5.5
bold,2.9
bolt,5.6
bomb,6.4
bond,4.0
bone,6.4
book,6.3
boom,3.8
boon,2.0
boost,2.9
boot,6.9
booth,5.6
booze,5.9
bore,2.5
bored,3.6
borne,2.4
bosh,1.8
boss,5.1
botch,2.4
both,2.3
bough,2.0
bought,3.2
bounce,4.7
bound,3.3
bout,1.8
bowl,6.3
box,6.7
boy,6.2
bra,6.6
brace,4.8
brag,3.1
braid,5.9
brain,6.4
braise,2.0
brake,5.3
bran,3.2
branch,6.0
brand,3.9
brash,2.3
brass,5.8
brat,5.0
brave,3.3
brawl,4.1
braze,2.3
breach,3.3
bread,6.2
breadth,1.8
break,4.5
breast,6.7
breath,5.0
breathe,3.8
bred,3.1
breech,2.8
breed,3.9
breeze,4.4
brew,4.6
bribe,3.7
brick,6.6
bride,6.4
bridge,6.7
brief,2.5
brig,2.2
bright,4.4
brim,3.8
bring,2.6
brink,3.1
brisk,2.6
broach,4.0
broad,3.3
broil,4.3
broke,3.7
bronze,5.6
brooch,3.3
brood,3.2
brook,5.8
broom,6.6
broth,4.5
brought,2.1
brow,4.8
brown,5.8
browse,3.6
bruise,6.3
brunch,3.8
brunt,2.1
brush,6.2
brute,4.0
buck,5.9
bud,4.9
budge,3.1
buff,4.0
bug,6.7
build,3.8
built,3.4
bulb,6.6
bulge,4.8
bulk,3.5
bull,6.2
bum,5.0
bump,4.9
bun,6.0
bunch,4.0
bunk,4.8
bunt,3.8
burl,1.8
burn,4.7
burp,4.7
burr,4.4
burst,3.5
bus,6.8
bush,6.3
buss,2.2
bust,4.6
but,1.9
butch,4.5
butt,6.3
buy,3.6
buzz,4.0
by,1.6
bye,2.9
cab,6.7
cache,2.6
cage,6.4
cake,6.8
calf,6.5
call,4.4
calm,2.8
calve,5.2
cam,2.6
came,2.4
camp,6.4
can,5.1
cane,6.4
cap,6.2
cape,6.2
car,6.9
card,6.4
care,3.1
carp,4.6
cart,6.0
carve,4.8
case,4.5
cash,6.6
cask,2.7
cast,4.4
caste,2.4
cat,6.5
catch,4.4
caught,3.3
caulk,3.7
cause,1.8
cave,6.7
cease,2.7
cell,5.8
cent,5.7
chafe,2.5
chaff,2.2
chain,6.5
chair,6.5
chaise,2.0
chalk,6.8
champ,4.6
chance,2.1
change,3.2
chant,4.0
chap,3.5
char,3.2
chard,2.9
charge,3.4
charm,4.5
chart,5.7
chase,4.4
chasm,2.6
chaste,2.5
chat,4.2
cheap,3.1
cheat,3.7
check,4.9
cheek,6.4
cheep,2.9
cheer,4.6
cheese,6.4
chef,6.2
chess,6.3
chest,6.1
chew,4.9
chic,4.0
chick,5.9
chide,2.1
chief,5.9
child,6.4
chill,3.7
chime,5.1
chimp,6.6
chin,6.2
chip,5.7
chirp,4.2
chive,4.7
chock,1.8
choice,2.6
choir,5.5
choke,5.0
choose,2.3
chop,4.5
chord,4.6
chore,4.2
chose,2.8
chow,4.3
chrome,5.9
chuck,3.5
chug,4.1
chum,3.7
chump,3.9
chunk,4.5
church,6.7
churn,4.9
chute,3.7
cinch,2.7
cite,2.3
clack,2.0
clad,2.1
claim,2.6
clam,6.0
clamp,4.6
clan,4.9
clang,3.0
clank,3.0
clap,5.6
clash,3.8
clasp,4.1
class,5.6
clause,2.4
claw,6.0
clay,6.1
clean,4.5
cleanse,4.0
clear,3.6
cleat,3.9
cleave,2.5
clef,2.9
cleft,3.9
clench,3.4
clerk,6.2
click,3.7
cliff,6.3
climb,5.4
clinch,3.3
cling,4.0
clink,2.4
clip,5.2
clique,3.8
cloak,5.4
clock,6.8
clod,3.3
clog,4.5
clone,4.8
clop,2.3
close,3.7
clot,4.2
cloth,6.0
clothe,4.6
clothes,6.4
cloud,6.7
clout,2.1
clove,4.7
clown,6.9
club,5.5
cluck,3.6
clue,4.2
clump,3.9
clung,3.1
clutch,4.1
coach,6.0
coal,6.3
coarse,3.7
coast,5.4
coat,6.7
coax,2.1
cob,5.4
cock,5.1
cod,4.3
code,3.9
coin,6.5
coke,6.8
cold,4.2
colt,6.1
comb,6.4
come,2.2
con,2.3
cone,5.8
conk,2.6
cook,5.4
cool,3.3
coon,5.1
coop,3.6
coot,1.9
cop,6.4
cope,2.5
cord,5.9
core,4.3
cork,6.2
corn,6.8
corps,3.9
corpse,6.4
cost,3.8
cot,5.4
couch,6.7
cough,5.6
could,1.7
count,4.4
coup,2.7
course,3.1
court,6.3
cove,4.5
cow,6.8
coy,2.2
crab,6.4
crack,4.9
craft,4.5
cram,3.7
cramp,4.5
crane,5.9
crank,4.1
craps,4.0
crash,4.6
crate,6.1
crave,3.5
crawl,4.4
craze,2.7
creak,4.2
cream,5.7
crease,4.1
creed,3.8
creek,5.9
creep,4.0
crepe,3.1
crept,4.0
crest,5.4
crew,5.2
crib,6.1
crick,3.0
crime,4.0
cringe,3.7
crisp,4.0
croak,3.5
crock,3.3
crook,5.0
croon,2.4
crop,5.6
cross,6.3
crotch,5.3
crouch,4.4
crow,6.3
crowd,5.3
crown,6.2
crude,2.5
cruise,5.6
crumb,6.2
crunch,4.1
crush,4.7
crust,5.8
crutch,5.8
cry,5.3
crypt,5.0
cub,5.8
cube,6.1
cud,2.8
cue,3.3
cuff,5.4
cult,4.8
cup,6.7
curb,5.8
curd,3.3
cure,3.2
curl,5.1
curse,3.4
curt,2.4
curve,4.4
cusp,1.8
cut,5.1
cute,4.4
cyst,3.0
czar,3.2
dab,3.1
dad,6.7
daft,1.8
dale,3.2
dam,5.3
dame,3.5
damn,3.2
damp,4.2
dance,5.6
dank,2.2
dare,2.5
dark,4.6
darn,2.0
dart,6.1
dash,3.8
date,4.8
daunt,2.3
dawn,5.3
day,4.8
days,4.0
daze,3.1
dead,5.3
deaf,3.3
deal,3.0
dealt,2.8
dean,4.6
dear,3.6
dearth,1.4
death,4.7
debt,4.0
deck,6.4
deed,3.4
deem,1.8
deep,4.3
deer,6.7
dell,3.5
den,5.4
dense,3.0
dent,5.3
depth,3.5
desk,6.4
deuce,3.2
dew,5.7
dice,6.4
did,1.9
die,4.4
dig,5.4
dike,4.0
dill,4.3
dim,3.8
dime,6.8
din,2.7
dine,3.5
dip,4.3
dire,1.9
dirge,1.7
dirt,6.2
dish,6.2
ditch,5.9
dive,4.6
do,1.7
dock,6.1
dodge,4.9
doe,5.8
does,1.6
dog,6.9
dole,2.6
doll,6.4
dolt,1.8
dome,4.8
don,2.4
done,2.3
doom,3.4
dope,4.9
dorm,6.0
dose,3.3
dot,6.3
dote,2.0
doubt,2.5
douche,3.0
dough,5.9
dour,1.5
douse,2.6
dove,6.5
down,4.0
dowse,2.6
doze,4.1
drab,2.7
draft,4.0
drag,4.5
drain,5.5
drake,3.7
drank,4.6
drape,4.7
draught,2.4
draw,5.0
drawer,6.0
drawl,2.8
dread,2.7
dream,4.9
dreamt,3.2
dredge,2.6
drench,4.2
dress,6.0
drew,3.9
drift,3.5
drill,6.0
drink,5.7
drip,4.9
drive,5.3
droll,2.2
drone,3.1
drool,5.0
droop,3.6
drop,4.3
drought,3.8
drove,4.4
drown,4.7
drowse,2.8
drug,5.6
drum,6.4
drunk,5.0
dry,3.8
dub,2.0
duck,6.5
duct,3.5
dud,3.0
dude,5.2
due,2.1
dug,4.7
duke,4.6
dull,3.0
dumb,3.5
dump,4.7
dunce,3.3
dune,4.5
dung,3.7
dunk,4.9
dupe,1.9
dusk,5.2
dust,5.2
dwarf,6.4
dwell,3.1
dye,5.2
each,2.3
ear,6.8
earl,3.2
earn,3.0
earth,6.5
ease,2.6
east,4.2
eat,4.8
ebb,1.4
edge,5.1
eel,6.3
eight,5.9
eke,1.6
elf,6.6
elk,6.0
elm,5.8
else,1.7
elves,6.5
end,3.0
etch,3.2
eve,3.3
ewe,3.9
eye,6.7
face,6.4
fact,2.6
fad,2.8
fade,4.0
fag,3.7
fail,3.1
faint,4.6
fair,3.8
faith,3.5
fake,3.2
fall,4.8
false ,2.7
fame,3.5
fan,6.0
fang,6.1
far,3.5
farce,2.1
fare,2.5
farm,6.2
fast,3.0
fat,5.8
fate,3.0
fault,2.1
fawn,6.3
faze,2.4
fear,2.9
feast,5.5
feat,2.1
fed,3.4
fee,3.7
feed,4.4
feel,2.9
feet,6.7
feign,2.2
fell,3.7
felt,3.1
fence,6.6
fend,2.5
fern,6.2
fetch,4.0
feud,3.8
few,2.7
fib,3.2
field,6.5
fiend,3.4
fierce,3.6
fife,2.2
fifth,4.4
fig,5.1
fight,4.8
file,5.8
fill,3.5
film,6.0
filth,4.6
fin,5.3
finch,4.3
find,2.5
fine,2.4
fir,3.5
fire,6.5
firm,4.1
first,4.1
fish,6.8
fist,6.5
fit,3.1
five,5.8
fix,3.2
fizz,4.6
flag,6.8
flail,2.7
flair,2.6
flak,1.8
flake,5.2
flame,6.2
flank,3.0
flap,4.0
flare,4.5
flash,4.9
flask,5.0
flat,4.1
flaunt,2.8
flaw,3.1
flax,2.0
flea,6.5
fleck,2.6
fled,3.9
flee,3.9
fleece,5.6
fleet,4.5
flesh,5.7
flew,3.7
flex,4.1
flick,3.9
flight,5.0
flinch,3.9
fling,3.6
flint,4.4
flip,4.0
flirt,4.9
float,5.1
flock,5.6
flog,3.5
flood,6.4
flop,3.8
floss,5.7
flounce,2.6
flour,6.5
flow,3.8
flown,3.8
flu,4.2
flub,2.2
fluff,3.8
fluke,2.9
flume,2.8
flung,3.4
flunk,3.0
flush,3.8
flute,6.3
flux,2.2
fly,5.9
foal,4.0
foam,5.7
foe,3.5
fog,6.0
fold,5.4
folk,4.4
fond,2.9
font,4.5
food,6.0
fool,3.7
foot,6.7
for,1.3
force,3.3
ford,5.2
fore,1.9
forge,3.3
fork,6.6
form,2.5
fort,6.0
forth,3.2
fought,3.9
foul,3.6
found,2.7
four,5.9
fowl,5.1
fox,6.4
frail,3.4
frame,6.0
franc,2.6
frank,3.7
fraud,2.9
fraught,1.6
fray,3.1
frays,3.0
freak,4.3
free,3.0
freeze,5.2
freight,4.7
fresh,3.2
fret,2.6
friend,5.6
fright,3.3
frill,3.0
fringe,4.6
frisk,3.6
fritz,2.6
frizz,4.6
frock,3.0
frog,6.7
from,2.0
front,4.4
frost,5.8
froth,3.1
frown,5.8
froze,5.0
fruit,6.3
fry,5.4
fudge,6.5
fugue,1.8
full,3.4
fume,3.7
fun,3.6
fund,3.4
funk,2.6
fur,6.4
fuse,4.1
fuss,2.7
fuzz,5.5
gab,3.2
gag,4.1
gain,2.8
gait,2.6
gale,2.8
gall,2.3
game,4.9
gang,5.5
gap,4.9
gape,2.8
garb,3.0
gas,5.7
gash,4.2
gasp,4.1
gate,6.1
gauche,1.5
gauge,3.8
gaunt,2.6
gauze,5.2
gave,2.3
gawk,3.3
gay,3.6
gays,3.8
gaze,4.0
gear,4.8
geese,6.4
gem,6.3
gene,3.8
gent,3.1
germ,5.0
get,1.7
ghost,6.6
ghoul,5.0
gift,6.1
gig,3.6
gill,5.0
gilt,2.2
gin,5.1
girl,6.3
girth,2.9
gist,2.1
give,2.8
glad,3.0
glade,3.2
glance,4.2
gland,3.9
glare,3.7
glass,6.5
glaze,4.3
gleam,3.4
glee,2.8
glen,2.3
glib,1.9
glide,3.7
glimpse,3.6
glint,2.4
gloat,2.8
glob,3.7
globe,6.4
gloom,3.2
gloss,5.2
glove,6.2
glow,4.7
glue,6.4
glum,2.7
glut,2.4
gnash,2.3
gnat,6.3
gnaw,3.8
gnome,5.2
go,2.2
goal,4.0
goat,6.9
gob,3.0
god,5.7
gold,6.3
golf,6.5
gone,2.6
gong,4.0
goo,4.0
good,2.6
goof,3.0
goose,6.9
gore,3.9
gorge,4.7
gosh,1.7
got,1.8
gouge,3.0
gourd,4.5
gown,6.0
grab,4.6
grace,3.3
grade,4.9
graft,2.1
grail,3.1
grain,5.8
grand,2.7
grant,3.1
grape,6.7
graph,6.2
grasp,4.1
grass,6.9
grate,4.0
grave,6.5
gray,5.9
graze,4.5
grease,5.7
great,2.5
greed,3.4
green,6.2
greet,3.5
grew,3.2
grid,4.6
grief,3.5
grieve,3.4
grill,5.9
grim,3.0
grime,3.8
grin,5.6
grind,4.0
grip,4.5
gripe,3.0
grit,4.0
grits,5.4
groan,3.6
groin,5.1
groom,5.7
groove,4.1
grope,3.3
gross,3.8
grouch,3.5
ground,5.9
group,5.2
grouse,3.0
grove,4.2
grow,3.9
growl,4.0
grub,4.1
grudge,2.9
gruff,2.4
grunt,3.4
guard,5.8
guess,2.6
guest,4.8
guide,4.0
guild,3.0
guile,1.8
guilt,3.3
guise,2.7
gulf,5.1
gull,3.3
gulp,4.4
gum,6.4
gun,6.6
gush,3.1
gust,3.3
gut,5.6
guy,6.5
gym,6.5
gyp,1.8
hack,3.1
had,1.7
hag,4.0
hail,4.3
hair,6.3
hale,2.6
half,3.5
hall,5.9
halt,3.5
halve,3.6
ham,6.7
hand,6.4
hang,4.4
hank,2.8
hard,3.3
hare,5.0
hark,2.2
harm,3.3
harp,5.5
harsh,2.9
hart,2.1
has,1.6
hash,3.9
haste,2.9
hat,6.7
hatch,4.1
hate,3.0
hath,1.6
haul,3.6
haunt,4.0
have,1.9
hawk,6.8
hay,6.7
haze,4.3
he,3.5
head,6.8
heal,3.3
health,3.9
heap,3.8
hear,3.3
heard,3.1
hearse,4.6
heart,6.7
hearth,4.7
heat,3.9
heath,2.6
heave,2.8
hedge,5.8
heed,2.3
heel,5.8
heft,2.0
height,4.0
heir,3.6
heist,2.9
held,3.8
hell,5.3
helm,2.9
help,2.8
hem,4.6
hemp,5.7
hen,6.4
hence,2.1
her,3.5
herb,5.3
herd,5.6
here,1.8
hertz,2.9
hex,2.1
hick,4.6
hid,3.0
hide,3.7
hike,5.6
hill,6.3
hilt,2.6
him,4.2
hind,2.8
hinge,5.0
hint,2.9
hip,5.8
hire,3.3
his,2.6
hiss,3.9
hit,4.4
hitch,3.7
hive,5.6
hives,5.7
hoard,3.0
hoarse,3.1
hoax,2.7
hock,2.5
hoe,5.9
hoes,4.5
hog,6.6
hoist,3.2
hold,4.0
hole,5.8
home,5.7
hone,2.0
honk,4.6
hood,6.2
hoof,5.3
hook,5.7
hoop,5.6
hoot,3.5
hooves,5.7
hop,5.0
hope,3.0
horde,2.7
horn,6.1
hose,6.1
host,4.0
hot,4.4
hound,6.5
hour,3.5
hove,1.9
how,1.7
howl,4.8
hub,3.5
hue,2.9
huff,3.2
hug,5.9
huge,4.2
hulk,4.0
hull,3.5
hum,3.8
hump,5.1
hunch,2.6
hung,4.1
hunk,4.8
hunt,4.6
hurl,4.4
hurt,3.6
hush,2.9
husk,3.7
hut,6.1
hutch,4.0
hymn,4.5
hype,2.4
ice,6.3
ides,1.8
if,1.4
ill,4.0
imp,2.2
in,1.7
inch,4.9
ink,6.4
inn,5.8
ire,1.4
irk,2.0
is,1.2
isle,4.9
it,1.6
itch,4.9
jab,4.1
jack,4.0
jade,4.8
jag,3.1
jail,6.6
jam,5.9
jar,6.8
jaunt,2.1
jaw,6.5
jay,3.9
jazz,4.4
jeans,6.6
jeer,2.4
jell,2.8
jerk,4.7
jest,2.4
jet,6.3
jibe,1.9
jig,3.5
jinx,2.6
job,4.3
jog,5.4
join,3.0
joint,5.2
joke,3.6
jolt,3.7
josh,4.4
jot,3.0
joust,4.3
jowl,2.3
joy,3.7
judge,6.0
jug,5.9
juice,6.3
jump,4.8
junk,5.4
just,1.8
keel,2.3
keen,2.3
keep,2.8
keg,6.2
kelp,2.7
kept,2.1
key,6.4
kick,5.1
kid,6.1
kill,4.8
kiln,3.6
kilt,5.0
kin,3.6
kind,2.7
king,6.4
kink,4.0
kiss,6.1
kit,4.6
kite,6.5
knack,2.7
knave,2.2
knead,4.2
knee,6.4
kneel,4.7
knell,2.6
knelt,4.4
knew,2.2
knife,6.8
knight,6.4
knit,5.4
knob,5.9
knock,4.9
knoll,3.7
knot,5.9
know,2.4
kraut,4.2
lab,5.2
lace,6.2
lack,2.5
lad,5.1
lag,2.9
laid,3.8
lain,2.4
lair,4.7
lake,6.6
lamb,6.6
lame,3.3
lamp,6.6
lance,4.0
land,6.0
lane,5.0
lap,5.6
lapse,2.5
lard,4.8
large,4.1
lark,4.3
lash,3.6
lass,3.6
last,3.0
latch,5.3
late,3.7
lathe,2.7
laud,1.5
laugh,4.9
launch,3.9
law,3.6
lawn,6.3
lax,1.9
lay,3.8
laze,1.9
leach,5.0
lead,4.7
leaf,6.8
league,4.7
leak,4.9
lean,4.0
leap,4.9
leapt,3.7
learn,2.9
lease,3.3
leash,5.9
least,2.3
leave,3.9
led,2.9
ledge,5.1
leech,6.2
leek,2.9
leer,2.6
left,4.0
leg,6.8
lend,3.2
length,3.7
lens,5.9
lent,3.0
less,2.7
lest,2.1
let,1.9
lewd,2.4
lice,6.0
lick,5.3
lid,6.5
lie,3.2
lieu,1.6
life,3.9
lift,4.0
light,5.3
like,2.7
lilt,2.0
limb,5.9
lime,5.8
limp,5.0
line,5.5
link,4.0
lint,5.2
lip,6.8
lisp,3.1
list,4.9
lit,3.8
lithe,2.1
live,3.5
load,4.3
loaf,5.7
loan,4.1
loath,2.0
loathe,2.6
lob,2.2
lobe,4.4
lock,5.6
lode,1.9
lodge,5.1
loft,4.4
log,6.3
loin,4.5
lone,2.9
long,3.6
look,3.9
loom,3.3
loon,3.7
loop,4.9
loose,3.2
loot,4.2
lord,5.1
lore,2.2
lose,3.0
loss,2.6
lost,3.1
lot,3.3
loud,3.5
lounge,5.3
louse,3.4
love,4.0
low,2.8
luck,2.4
lug,2.8
lull,2.3
lump,5.0
lunch,5.3
lung,5.5
lunge,3.6
lurch,3.3
lure,3.6
lurk,3.0
lush,3.2
lust,3.8
lute,2.8
lye,2.8
lymph,2.5
lynch,3.4
lynx,4.0
lyre,2.2
ma,3.8
mace,5.0
mad,3.8
made,2.1
maid,6.1
mail,6.3
maim,2.4
main,2.5
maize,3.7
make,2.8
male,5.5
mall,6.5
malt,4.5
man,6.2
mane,5.0
map,5.9
mar,1.9
march,5.1
mare,5.3
mark,4.6
marsh,4.9
mart,3.4
mash,4.1
mask,6.3
mass,3.7
mast,3.7
mat,6.3
match,5.1
mate,4.8
math,4.2
maul,2.8
mauve,4.1
may,3.2
maze,5.9
me,3.5
mead,2.6
meal,6.0
mean,2.8
meant,1.9
meat,6.3
meek,2.8
meet,2.7
melt,4.1
men,5.4
mend,3.7
mere,1.6
merge,3.5
mesh,4.2
mess,4.2
met,2.5
mew,2.4
mice,6.8
mid,2.5
midst,2.2
miff,1.9
might,2.0
mike,4.7
milch,2.2
mild,3.0
mile,4.7
milk,6.5
mill,5.3
mime,5.1
mince,3.1
mind,3.4
mine,3.5
mink,5.9
mint,5.4
mirth,1.8
miss,2.6
mist,5.0
mite,3.5
mitt,4.7
mix,3.4
moan,3.9
moat,4.4
mob,5.0
mock,3.0
mode,2.9
moist,4.1
mold,5.5
mole,6.0
moll,2.1
monk,5.9
month,4.4
mooch,3.0
mood,3.2
moon,6.8
moor,3.0
moose,6.7
moot,1.4
mop,6.4
mope,3.3
morgue,6.0
morn,3.7
mosque,3.2
moss,6.4
most,2.3
moth,6.0
mound,5.4
mount,4.8
mousse,4.3
move,3.2
mow,4.6
much,2.2
muck,2.9
mud,6.5
muff,3.6
mug,6.2
mulch,5.6
mule,6.3
mull,1.7
mum,3.8
mumps,4.6
munch,4.0
murk,2.5
muse,2.8
mush,4.0
musk,3.7
muss,1.9
must,1.9
mute,3.0
mutt,5.3
my,1.7
myth,3.5
nab,2.1
nag,3.1
nail,6.6
name,4.2
nap,4.7
nape,2.9
naught,1.7
nay,2.3
near,3.3
neat,3.5
neck,6.5
need,2.4
neigh,2.9
nerve,4.4
nest,6.2
net,5.9
new,3.0
newt,3.3
next,2.2
nice,3.0
niche,2.9
nick,4.2
niece,5.4
nigh,1.8
night,5.8
nil,1.9
nine,6.1
ninth,4.9
nip,3.5
nix,1.7
no,2.1
nod,4.1
node,2.4
noise,3.9
none,2.6
nook,3.6
noon,4.0
noose,5.9
nor,1.5
norm,2.5
north,4.5
nose,6.4
not,2.0
notch,4.1
note,5.5
noun,2.7
now,1.9
nub,2.7
nude,5.8
nudge,4.1
,2.3
numb,2.8
nun,5.9
nurse,6.4
nut,6.2
nymph,4.0
oaf,2.5
oak,6.0
oar,5.9
oat,5.6
oath,3.0
odd,2.7
ode,2.2
of,1.5
off,2.6
oft,1.5
oil,6.4
old,4.3
on,1.9
once,2.0
one,4.9
ooze,4.6
opt,1.4
or,1.4
orb,2.8
ore,4.0
ouch,3.2
ought,1.5
ounce,4.0
our,1.8
oust,1.7
out,2.2
owe,2.1
owl,6.5
own,2.2
ox,6.3
pa,4.2
pace,3.3
pack,4.6
pact,2.4
pad,4.7
page,5.9
pail,5.3
pain,4.3
paint,6.3
pair,4.3
pal,4.6
pale,4.2
pall,1.9
palm,6.7
pan,6.3
pane,4.2
pang,2.5
pant,4.3
pants,6.8
pap,2.8
par,2.3
pare,2.1
park,6.5
part,3.3
pass,4.1
past,2.7
paste,5.4
pat,4.4
patch,5.4
path,5.5
paunch,1.7
pause,2.7
pave,4.5
paw,6.4
pawn,5.0
pay,4.3
pea,6.8
peace,3.6
peach,6.9
peak,4.8
peal,4.7
pear,6.0
pearl,6.4
peat,2.2
peck,4.2
peek,4.0
peel,5.4
peep,4.2
peer,3.9
peeve,2.0
peg,5.1
pelt,3.5
pen,6.6
pence,1.8
pent,2.5
pep,3.2
per,1.7
perch,4.7
perk,2.8
pert,2.0
pest,5.0
pet,6.4
pew,4.2
phase,3.1
phone,6.6
phrase,3.0
pick,3.8
pie,6.7
piece,3.8
pier,6.2
pierce,5.0
pig,6.8
pike,4.2
pile,4.8
pill,6.8
pimp,5.6
pin,6.0
pinch,4.7
pine,6.4
ping,3.1
pink,5.4
pint,5.2
pip,1.7
pipe,6.3
pit,5.2
pitch,4.9
pith,1.9
place,3.7
plague,4.4
plaid,5.7
plain,3.5
plan,2.8
plane,6.8
plank,4.9
plant,6.3
plaque,5.1
plate,6.4
play,4.5
plea,2.9
plead,3.7
please,2.4
pleat,2.9
pled,2.8
pledge,3.7
plight,2.0
plod,1.8
plop,3.0
plot,3.2
plow,5.6
ploy,2.1
pluck,4.1
plug,4.9
plum,6.4
plumb,3.7
plume,3.4
plump,4.3
plunge,3.7
plunk,2.2
plus,3.0
plush,3.2
ply,2.0
poach,3.9
pod,4.0
point,5.2
poise,3.2
poke,4.5
pole,5.8
poll,3.7
pomp,1.7
pond,6.5
pooch,5.1
poof,3.3
pool,6.7
poop,6.3
poor,4.0
pop,6.1
pope,6.4
porch,6.8
pork,6.4
port,4.3
pose,3.6
posh,1.8
post,5.4
pot,6.2
pouch,5.7
pounce,4.4
pound,4.1
pour,4.9
pout,4.4
pox,2.7
praise,4.1
prance,3.7
prank,3.9
pray,5.0
prayer,5.2
preach,4.6
press,4.8
prey,4.3
price,3.6
prick,3.9
pride,2.8
priest,6.3
prim,2.1
prime,3.1
primp,3.8
prince,6.4
print,5.3
prize,5.5
pro,3.1
probe,4.0
prod,3.3
prom,5.8
prompt,2.5
prone,2.2
prong,4.4
proof,3.1
prop,4.2
prose,2.1
proud,2.9
prove,2.4
prow,2.6
prowl,4.5
prude,2.7
prune,5.7
pry,3.5
psalm,4.3
pub,5.6
puck,4.8
puff,4.3
pug,4.1
puke,5.7
pull,4.1
pulp,4.6
pulse,4.7
pump,4.8
pun,2.6
punch,5.0
punk,4.3
punt,3.9
pup,6.0
pure,3.7
purge,3.6
purr,4.6
purse,6.5
pus,3.8
push,4.1
put,2.2
putt,4.0
pyre,2.4
quack,4.3
quad,3.2
quail,5.7
quaint,2.4
quake,4.9
qualm,1.8
quart,5.0
quartz,5.0
quay,1.9
queen,6.6
queer,4.0
quell,2.0
quench,3.3
quest,4.0
queue,1.5
quick,2.9
quill,4.9
quilt,6.7
quip,1.8
quirk,2.6
quit,2.9
quite,2.5
quiz,4.8
quote,3.9
race,5.1
rack,5.3
raft,6.0
rag,6.3
rage,3.6
raid,3.4
rail,5.6
rain,6.3
raise,4.0
rake,6.2
ram,5.3
ramp,5.5
ran,4.3
ranch,5.8
rang,3.4
range,3.5
rank,3.4
rant,2.6
rap,4.3
rape,4.8
rapt,2.4
rare,2.5
rash,5.5
rasp,2.8
rat,6.8
rate,2.6
rave,3.9
raw,4.3
ray,4.3
rays,4.2
reach,4.3
realm,2.7
ream,2.2
reap,3.0
rear,4.5
red,6.0
reed,3.9
reef,4.3
reek,3.0
reel,5.0
reign,2.8
rein,3.7
rend,1.6
rent,4.0
rest,3.8
retch,2.8
rev,1.9
rhyme,3.7
rib,6.5
rice,6.8
rich,4.3
rid,2.2
ride,4.6
ridge,4.9
rift,3.3
rig,4.0
right,3.6
rile,1.7
rim,4.7
rind,3.4
ring,6.2
rink,4.2
rinse,4.0
rip,4.7
ripe,4.7
rise,3.3
risk,2.4
rite,2.1
roach,6.6
road,6.6
roam,3.9
roar,4.1
roast,5.7
rob,4.2
robe,5.9
rock,6.4
rod,5.9
rode,3.7
roe,2.0
rogue,4.0
role,3.4
roll,4.5
romp,3.3
roof,6.4
rook,4.0
room,5.6
roost,4.4
root,6.0
rope,6.6
rose,6.7
rot,3.6
rouge,3.9
rough,3.2
round,5.4
rout,2.2
route,4.7
rove,2.5
rub,4.4
rude,3.0
rue,2.1
rug,6.5
rule,3.5
rum,5.4
rump,4.7
run,4.6
rung,3.9
runt,3.8
rush,3.9
rust,5.3
rut,4.1
rye,3.9
sack,5.5
sad,3.9
safe,4.1
sag,3.6
sage,4.7
said,2.1
sail,6.0
saint,5.5
sake,2.3
sale,3.8
salt,6.2
salve,2.6
same,2.4
sand,6.7
sane,2.5
sang,3.2
sank,3.9
sap,4.0
sash,4.1
sat,3.7
sauce,5.7
save,2.9
saw,3.9
say,2.8
scab,5.7
scald,3.4
scale,4.8
scalp,5.9
scamp,2.6
scan,3.7
scant,2.0
scar,6.2
scarce,3.0
scare,3.8
scarf,6.5
scene,3.8
scent,3.8
scheme,2.7
school,6.5
scoff,2.6
scold,3.9
scoop,4.7
scope,4.8
scorch,3.9
score,3.4
scorn,2.3
scotch,5.2
scour,2.2
scourge,1.6
scout,5.3
scowl,3.7
scrap,4.2
scrape,4.1
scratch,4.7
scrawl,2.5
scream,4.5
screech,3.5
screen,6.2
screw,6.0
scribe,3.5
script,5.1
scroll,4.6
scrub,4.9
scruff,3.3
scum,3.8
sea,6.4
seal,5.5
seam,3.7
sear,2.7
search,3.3
seat,6.2
sect,2.6
see,3.0
seed,6.4
seek,2.9
seem,1.7
seep,2.9
seize,3.7
self,4.3
sell,3.0
send,3.4
sense,2.8
sent,3.2
serf,3.2
serve,3.0
set,3.7
sew,5.2
sex,5.8
shack,5.5
shade,4.3
shaft,4.4
shag,4.1
shake,4.4
shale,3.1
shall,2.0
sham,3.0
shame,2.7
shank,2.9
shape,4.2
share,3.2
shark,6.8
sharp,4.6
shave,5.6
shawl,5.3
she,3.8
shear,3.7
sheath,4.0
sheathe,3.2
sheave,2.2
shed,6.1
sheen,2.0
sheep,6.8
sheer,3.5
sheet,6.4
sheik,2.6
shelf,6.5
shell,6.0
shelve,6.0
shield,5.8
shift,3.6
shill,2.0
shin,5.2
shine,4.7
ship,6.8
shirk,2.0
shirt,6.5
shoal,2.3
shock,3.6
shoe,6.5
shone,2.5
shook,3.8
shoot,4.5
shop,5.5
shore,5.8
short,4.5
shot,4.9
should,1.9
shout,3.8
shove,4.3
show,4.0
shrank,3.7
shred,4.9
shrew,3.5
shrewd,2.7
shriek,3.2
shrill,2.5
shrimp,6.8
shrine,5.1
shrink,4.0
shroud,3.0
shrub,6.3
shrug,4.2
shrunk,3.9
shuck,3.6
shun,3.0
shunt,2.2
shush,2.5
shut,3.9
shy,2.9
sick,4.1
side,3.8
siege,3.0
sieve,1.9
sift,4.0
sigh,3.6
sight,3.2
sign,6.2
silk,5.9
sill,2.9
silt,4.0
sin,3.0
since,1.8
sing,4.9
singe,3.5
sink,5.4
sip,4.4
sir,3.8
sire,3.1
sit,4.7
site,3.3
six,5.5
size,3.8
skate,5.9
sketch,5.4
skew,2.5
ski,6.0
skid,4.3
skill,2.8
skim,4.0
skimp,3.0
skin,6.3
skip,4.2
skirt,6.7
skit,3.9
skulk,2.2
skull,6.5
skunk,6.5
sky,6.5
slab,4.2
slack,3.1
slag,2.2
slain,4.0
slam,3.8
slang,3.1
slant,4.0
slap,5.0
slash,4.4
slat,3.0
slate,4.4
slave,5.7
slaw,4.3
slay,3.8
sled,6.6
sledge,3.3
sleek,3.5
sleep,5.5
sleet,4.3
sleeve,6.5
sleigh,6.0
sleight,2.3
slept,4.5
sleuth,3.7
slew,2.5
slice,5.3
slick,4.0
slid,4.1
slide,5.2
slight,2.3
slim,4.9
slime,5.8
sling,5.0
slip,4.5
slit,4.3
slop,3.9
slope,4.8
slot,5.2
sloth,4.1
slouch,4.3
slow,3.4
slug,5.7
slum,4.2
slump,3.9
slung,3.5
slur,3.0
slush,4.6
slut,5.2
sly,2.7
smack,4.6
small,4.2
smart,3.1
smash,4.8
smear,3.5
smell,3.4
smelt,3.2
smile,6.5
smirk,4.5
smite,2.1
smock,4.5
smog,6.0
smoke,6.4
smooth,4.0
smudge,4.8
smug,3.4
smut,2.8
snack,5.6
snag,4.5
snail,6.5
snake,6.5
snap,4.1
snare,4.4
snarl,4.2
snatch,3.6
sneak,3.5
sneer,3.1
sneeze,5.6
snide,2.3
sniff,4.3
snip,3.8
snipe,3.3
snitch,3.4
snob,4.5
snoop,3.7
snooze,4.8
snore,5.0
snort,4.5
snout,5.0
snub,2.4
snuff,4.3
snug,3.9
so,1.7
soak,4.0
soap,6.5
soar,4.3
sob,4.6
sock,6.7
sod,4.2
soft,4.1
soil,5.9
sold,3.3
sole,3.8
solve,2.7
some,2.0
son,5.6
song,4.3
soon,2.2
soot,4.6
soothe,3.7
sop,2.2
sore,4.1
sort,3.0
sough,1.6
sought,2.0
soul,3.1
sound,3.5
soup,6.5
sour,3.6
source,2.6
south,4.6
sow,4.6
soy,3.9
spa,6.0
space,4.5
spade,5.2
span,2.9
spank,5.0
spar,2.7
spare,4.2
spark,5.4
sparse,2.7
spat,3.7
spawn,3.5
speak,3.8
spear,5.9
speck,3.9
sped,3.7
speech,4.1
speed,3.3
spell,2.9
spend,3.0
spent,3.3
sperm,6.0
spew,3.8
sphere,5.8
sphinx,5.4
spice,5.4
spike,5.9
spill,4.2
spin,4.5
spine,6.0
spire,2.7
spit,5.2
spite,3.2
splash,5.1
splay,2.0
spleen,5.5
splice,3.5
splint,4.7
split,4.3
splotch,2.9
splurge,3.2
spoil,3.6
spoke,4.1
sponge,5.9
spoof,2.2
spook,3.6
spool,5.5
spoon,6.3
spore,3.8
sport,5.0
spot,5.2
spout,5.0
sprain,4.5
sprang,3.1
sprawl,3.6
spray,5.0
spread,4.0
spree,3.4
sprig,2.9
spring,5.9
sprint,4.7
sprite,5.5
sprout,4.7
spruce,4.8
sprung,3.4
spry,2.0
spud,5.0
spun,3.4
spunk,2.8
spur,5.3
spurn,2.0
spurt,3.3
spy,4.3
squad,4.4
squall,4.0
square,6.4
squash,5.3
squat,4.5
squaw,3.9
squawk,3.6
squeak,4.3
squeal,3.1
squeeze,4.3
squelch,2.3
squid,6.4
squint,5.1
squire,3.9
squirm,4.7
squirt,4.8
stab,5.2
stack,4.2
staff,4.6
stag,5.0
stage,6.1
stain,5.5
stair,6.1
stake,5.4
stale,3.3
stalk,4.5
stall,4.8
stamp,6.1
stance,3.4
stanch,1.9
stand,5.0
stank,2.8
star,6.8
starch,4.1
stare,4.5
stark,2.8
start,2.9
starve,3.8
state,4.9
staunch,1.7
stay,2.6
stead,3.0
steak,6.5
steal,3.8
stealth,2.8
steam,5.6
steed,4.2
steel,5.8
steep,4.2
steer,5.0
stein,2.1
stem,6.2
stench,3.3
step,5.7
steppe,2.4
stern,3.6
stew,5.7
stick,5.9
stiff,3.7
stile,2.0
still,2.8
stilt,4.3
sting,5.0
stink,3.9
stint,2.4
stir,4.5
stitch,5.3
stock,3.8
stoke,2.8
stole,3.6
stone,6.6
stood,4.3
stooge,4.1
stool,6.1
stoop,3.9
stop,4.5
store,5.8
stork,5.7
storm,6.2
stout,3.6
stove,6.9
stow,2.3
straight,4.1
strain,3.7
strand,4.7
strange,2.7
strap,5.5
straw,6.5
stray,4.0
streak,4.2
stream,6.4
street,6.3
strength,3.4
stress,3.4
stretch,4.5
strict,2.7
stride,4.2
strife,2.7
strike,4.6
string,6.2
strip,4.8
stripe,6.0
strive,3.1
strode,2.8
stroke,4.5
stroll,4.5
strong,4.0
strove,2.6
struck,3.8
strum,3.5
strung,2.8
strut,4.0
stub,4.5
stuck,3.2
stud,4.9
stuff,3.6
stump,5.8
stun,3.1
stung,4.4
stunt,3.7
sty,2.5
style,3.3
suave,2.9
such,1.7
suck,4.4
suds,5.8
sue,3.6
suede,5.2
suit,5.5
suite,5.2
sulk,3.1
sum,3.4
sun,6.9
sung,3.3
sunk,3.5
sup,1.7
sure,2.2
surf,6.1
surge,3.3
swab,5.2
swag,3.0
swam,4.4
swamp,6.0
swan,6.3
swank,2.4
swap,2.9
swarm,4.8
swash,2.3
swat,4.5
swath,2.0
swathe,1.8
sway,3.8
swear,3.0
sweat,5.8
sweep,5.0
sweet,4.0
swell,3.9
swept,4.4
swerve,5.0
swift,3.3
swig,3.9
swim,5.6
swine,5.0
swing,5.8
swipe,3.6
swirl,4.3
swish,3.1
switch,4.3
swoon,3.2
swoop,3.5
sword,6.8
swore,3.0
sworn,2.9
swum,2.6
swung,4.2
sync,2.2
tab,3.9
tack,5.3
tact,2.4
tag,4.5
tail,6.5
taint,3.1
take,2.8
talc,3.1
tale,3.6
talk,4.7
tall,5.1
tame,3.1
tan,5.2
tank,5.9
tap,4.2
tape,6.1
taps,3.9
tar,5.5
tart,4.1
task,3.2
taste,4.0
taught,3.4
taunt,2.9
taut,2.3
tax,4.2
tea,6.4
teach,3.7
teal,5.1
team,5.0
tear,5.7
tease,3.8
tee,4.2
teem,1.7
teen,5.6
teeth,6.7
tell,2.5
tempt,2.8
ten,6.3
tend,2.1
tense,2.6
tent,6.6
tenth,4.3
term,3.3
test,5.3
text,5.1
than,1.6
thank,2.7
that,2.0
thaw,3.3
the,1.3
theft,3.4
their,1.9
them,2.5
theme,3.1
then,1.5
thence,1.7
these,1.6
they,2.3
thick,3.7
thief,5.3
thieve,4.7
thigh,6.2
thin,4.9
thing,2.6
think,2.6
third,4.3
thirst,3.0
this,1.8
thong,6.2
thorn,6.4
those,1.7
though,2.0
thought,3.1
thrash,3.1
thread,6.0
threat,3.2
three,5.3
thresh,2.2
threw,4.0
thrice,2.7
thrift,3.0
thrill,3.3
thrive,2.9
throat,6.4
throb,3.9
throne,6.1
throng,2.4
through,1.9
throw,4.3
thrown,3.6
thrush,3.1
thrust,4.0
thud,3.3
thug,4.9
thumb,6.7
thump,3.7
thus,1.6
thwart,1.8
thyme,2.1
tic,3.8
tick,5.8
tide,5.3
tie,6.4
tier,3.1
tight,4.3
tights,6.1
tile,5.3
till,2.9
tilt,4.1
time,4.2
tin,5.9
tinge,2.0
tint,4.6
tip,4.2
tire,6.2
tit,5.0
to,1.4
toad,6.8
toast,6.5
toe,6.7
toil,2.9
told,2.4
toll,3.9
tomb,6.4
ton,3.6
tone,3.0
tong,4.5
tongue,6.5
too,1.3
took,2.4
tool,6.0
toot,3.3
tooth,6.8
top,4.8
torch,6.2
torn,4.8
tort,1.7
toss,4.4
tot,3.2
tote,4.2
touch,4.2
tough,3.8
tour,3.9
tow,4.3
town,5.9
toy,6.8
trace,3.6
track,5.1
tract,2.7
trade,3.0
trail,5.6
train,6.3
trait,2.9
tram,2.9
tramp,4.9
trance,4.0
trap,4.4
trash,6.2
tray,5.8
tread,3.4
treat,4.6
tree,6.8
trek,2.9
trench,4.9
trend,3.1
tribe,5.6
trick,3.9
trill,2.0
trim,4.0
trip,4.3
tripe,1.7
trite,2.1
trod,2.9
troll,5.5
troop,5.6
trot,3.8
trough,4.2
trounce,2.2
troupe,2.8
trout,6.3
truce,2.3
truck,6.9
trudge,2.3
true ,2.5
trump,2.9
trunk,6.0
trust,2.9
try,2.0
tub,6.3
tube,5.7
tuck,4.1
tug,4.3
tune,3.5
turf,4.9
turn,3.9
tusk,5.4
twang,2.6
tweed,3.6
tweet,3.0
twelfth,4.7
twelve,6.0
twerp,3.3
twice,2.9
twig,6.3
twin,5.2
twine,4.8
twinge,2.8
twirl,4.7
twist,4.7
twit,3.0
twitch,4.3
two,4.8
tyke,2.7
type,4.8
up,3.8
urge,2.5
urn,4.7
us,2.0
vague,2.8
vain,3.4
vale,3.7
valve,5.0
vamp,3.1
van,6.3
vane,3.7
vase,6.2
vast,3.0
vault,5.6
veal,4.6
veer,2.6
veil,5.3
vein,5.8
vend,3.2
vent,5.4
verb,3.0
verge,2.6
verse,3.8
versed,2.2
vest,6.2
vet,6.0
vex,1.7
vice,2.9
vie,1.5
view,3.2
vile,3.3
vine,6.7
vise,2.5
vogue,2.3
voice,3.7
void,3.0
volt,3.8
vote,4.3
vouch,2.3
vow,3.3
wad,4.0
wade,4.5
wag,5.0
wage,3.6
waif,2.6
wail,2.7
waist,6.0
wait,2.6
waive,2.8
wake,3.4
wale,2.8
walk,5.2
wall,6.2
waltz,5.1
wand,5.6
wane,2.2
want,2.4
war,5.4
ward,3.0
ware,2.3
warm,3.5
warn,3.0
warp,3.4
wart,5.4
was,1.4
wash,5.1
wasp,6.5
waste,3.8
watch,5.9
watt,3.3
wave,5.5
wax,5.6
way,2.3
we,2.3
weak,3.3
wealth,4.3
wean,2.8
wear,3.3
weave,5.1
web,6.0
wed,4.5
wedge,5.1
wee,2.0
weed,6.5
week,3.8
weep,5.0
weigh,3.5
weird,3.5
welch,2.2
weld,4.2
well,3.3
welsh,2.6
welt,3.1
wench,3.8
went,1.6
wept,4.6
were,1.5
west,4.5
wet,5.3
whack,3.9
whale,6.6
wham,3.1
wharf,2.6
what,1.4
wheat,6.5
wheel,6.5
wheeze,3.8
whelp,2.9
when,1.7
whence,2.1
where,1.9
whet,1.9
whey,2.7
which,1.6
whiff,3.0
while,2.0
whim,1.8
whine,3.7
whip,5.0
whirl,4.4
whisk,3.9
whit,2.7
white,6.5
whiz,3.0
who,1.5
whole,2.9
whom,2.1
whoop,3.1
whore,5.3
why,1.7
wick,5.4
wide,4.1
width,3.4
wield,2.7
wife,5.7
wig,6.5
wild,4.1
will,2.6
wilt,4.1
win,4.0
wince,3.4
winch,3.6
wind,4.7
wine,6.2
wing,6.1
wink,5.4
wipe,5.0
wire,6.0
wise,2.9
wish,3.0
wisp,3.0
wit,2.6
witch,6.6
with,1.6
wives,6.1
woe,2.5
woke,3.4
wolf,6.7
wolves,6.5
womb,5.7
won,3.2
woo,2.1
wood,6.5
wool,5.8
word,3.7
work,3.9
world,6.5
worm,6.6
worse,2.4
worst,2.2
worth,2.3
would,1.6
wound,5.4
wove,3.4
wrack,2.4
wrap,4.6
wrath,3.1
wreak,3.7
wreath,5.4
wreathe,4.3
wreck,5.1
wren,3.1
wrench,5.2
wretch,2.6
wring,3.1
wrist,6.4
writ,2.1
write,4.8
writhe,2.5
wrong,2.4
wrote,3.6
wroth,2.1
wrought,2.0
wrung,3.2
wry,1.6
yacht,6.2
yak,3.8
yam,4.8
yank,4.0
yap,3.0
yard,6.2
yarn,6.2
yawn,5.2
yea,2.2
year,3.9
yearn,2.9
yeast,5.3
yell,4.2
yelp,3.4
yen,2.6
yes,2.3
yet,1.8
yew,2.1
yield,4.1
yoke,5.3
yolk,5.2
yore,1.5
you,3.1
young,4.3
youth,4.9
yule,2.5
zeal,2.1
zest,3.2
zinc,4.7
zing,2.3
zip,5.1
zone,4.1
zoo,6.8
zoom,3.5
